{"cameraMode":{"drawMode":0,"name":"Shaded","section":"Shading Mode"},"sceneLighting":true,"audioPlay":false,"sceneViewState":{"showFog":true,"showMaterialUpdate":true,"showSkybox":true,"showFlares":true,"showImageEffects":true,"showParticleSystems":true},"in2DMode":false,"pivot":{"x":47.94702911376953,"y":13.19413948059082,"z":-30.91693115234375},"rotation":{"x":-0.007308098021894693,"y":0.6194671988487244,"z":-0.005766948219388723,"w":-0.7849683165550232},"size":18.960954666137697,"orthographic":false}