{"cameraMode":{"drawMode":0,"name":"Shaded","section":"Shading Mode"},"sceneLighting":false,"audioPlay":false,"sceneViewState":{"showFog":true,"showMaterialUpdate":false,"showSkybox":false,"showFlares":true,"showImageEffects":true,"showParticleSystems":true},"in2DMode":false,"pivot":{"x":2.5213472843170168,"y":1.4670000076293946,"z":1.2465877532958985},"rotation":{"x":0.08588727563619614,"y":0.8921436667442322,"z":-0.1915532648563385,"w":0.40001314878463747},"size":0.9210898280143738,"orthographic":false}